"","X","chr","pos","ref","var","p.val","freq.var","sigma2.freq.var","n.tst.fw","cov.tst.fw","n.tst.bw","cov.tst.bw","n.ctrl.fw","cov.ctrl.fw","n.ctrl.bw","cov.ctrl.bw","raw.p.val","Id","mutation","MapQ","Read_pos","Phred","run","category"
"4063",103,"PB2",1627,"T","C",1.0483775579279e-15,0.0372740963855422,1.40339218319059e-05,65,1375,34,1281,0,874,0,940,1.92943455154576e-20,"PA_7","PB2_T1627C",39.4444444444,98.2222222222,37.1616161616,"SeptB",FALSE
"4694",20,"HA",546,"G","A",2.99030548709935e-15,0.0125813379105294,9.37359612556365e-07,99,7811,83,6429,0,2755,1,2256,5.5033596273177e-20,"NS_3","HA_G546A",41.478021978,130.461538462,37.6263736264,"SeptB",FALSE
"10267",19,"PA",2061,"G","A",0.00247173722362402,0.015428435793971,3.66210201613364e-06,32,1781,33,2432,0,518,0,757,4.54898635089815e-08,"M_4","PA_G2061A",37.3230769231,155.292307692,37.5538461538,"JuneA",FALSE
"14059",5,"PA",432,"T","C",1.0543447161412e-11,0.0162418226934356,3.66384450562499e-06,39,2359,33,2074,0,1681,0,1520,1.9404165123329e-16,"HA_45","PA_T432C",41.7361111111,91.4861111111,37.7361111111,"Shawn1",FALSE
